[
{
  "fields": {
    "model": "logentry",
    "app_label": "admin"
  },
  "model": "contenttypes.contenttype",
  "pk": 1
},
{
  "fields": {
    "model": "permission",
    "app_label": "auth"
  },
  "model": "contenttypes.contenttype",
  "pk": 2
},
{
  "fields": {
    "model": "group",
    "app_label": "auth"
  },
  "model": "contenttypes.contenttype",
  "pk": 3
},
{
  "fields": {
    "model": "user",
    "app_label": "auth"
  },
  "model": "contenttypes.contenttype",
  "pk": 4
},
{
  "fields": {
    "model": "contenttype",
    "app_label": "contenttypes"
  },
  "model": "contenttypes.contenttype",
  "pk": 5
},
{
  "fields": {
    "model": "session",
    "app_label": "sessions"
  },
  "model": "contenttypes.contenttype",
  "pk": 6
},
{
  "fields": {
    "model": "hotsite",
    "app_label": "hotsite"
  },
  "model": "contenttypes.contenttype",
  "pk": 7
},
{
  "fields": {
    "model": "topic",
    "app_label": "topic"
  },
  "model": "contenttypes.contenttype",
  "pk": 8
},
{
  "fields": {
    "model": "topicitem",
    "app_label": "topic"
  },
  "model": "contenttypes.contenttype",
  "pk": 9
},
{
  "fields": {
    "model": "subtopic",
    "app_label": "topic"
  },
  "model": "contenttypes.contenttype",
  "pk": 10
},
{
  "fields": {
    "model": "subtopicitem",
    "app_label": "topic"
  },
  "model": "contenttypes.contenttype",
  "pk": 11
},
{
  "fields": {
    "img_name": "fb",
    "link": "http://facebook.com",
    "name": "Facebook"
  },
  "model": "hotsite.hotsite",
  "pk": 1
},
{
  "fields": {
    "img_name": "twitter",
    "link": "http://twiiter.com",
    "name": "twitter"
  },
  "model": "hotsite.hotsite",
  "pk": 2
},
{
  "fields": {
    "img_name": "youtube",
    "link": "http://youtube.com",
    "name": "YouTube"
  },
  "model": "hotsite.hotsite",
  "pk": 3
},
{
  "fields": {
    "img_name": "amazon",
    "link": "http://amazon.es",
    "name": "Amazon"
  },
  "model": "hotsite.hotsite",
  "pk": 4
},
{
  "fields": {
    "img_name": "ebay",
    "link": "http://ebay.es",
    "name": "Ebay"
  },
  "model": "hotsite.hotsite",
  "pk": 5
},
{
  "fields": {
    "img_name": "wordpress",
    "link": "https://es.wordpress.com/",
    "name": "Wordpress"
  },
  "model": "hotsite.hotsite",
  "pk": 6
},
{
  "fields": {
    "img_name": "yahoo",
    "link": "http://yahoo.es",
    "name": "Yahoo"
  },
  "model": "hotsite.hotsite",
  "pk": 7
},
{
  "fields": {
    "img_name": "linkedin",
    "link": "https://www.linkedin.com/",
    "name": "LinkedIn"
  },
  "model": "hotsite.hotsite",
  "pk": 8
},
{
  "fields": {
    "enable": true,
    "order": 1,
    "name": "Noticias",
    "slug": "noticias"
  },
  "model": "topic.topic",
  "pk": 1
},
{
  "fields": {
    "enable": false,
    "order": 2,
    "name": "Musica",
    "slug": "musica"
  },
  "model": "topic.topic",
  "pk": 2
},
{
  "fields": {
    "enable": true,
    "order": 3,
    "name": "Social",
    "slug": "social"
  },
  "model": "topic.topic",
  "pk": 3
},
{
  "fields": {
    "enable": false,
    "order": 4,
    "name": "Video",
    "slug": "video"
  },
  "model": "topic.topic",
  "pk": 4
},
{
  "fields": {
    "enable": true,
    "order": 5,
    "name": "Compra",
    "slug": "compra"
  },
  "model": "topic.topic",
  "pk": 5
},
{
  "fields": {
    "enable": false,
    "order": 6,
    "name": "Correo",
    "slug": "correo"
  },
  "model": "topic.topic",
  "pk": 6
},
{
  "fields": {
    "enable": true,
    "order": 7,
    "name": "Informaci\u00f3n",
    "slug": "informacion"
  },
  "model": "topic.topic",
  "pk": 7
},
{
  "fields": {
    "enable": true,
    "order": 8,
    "name": "Deporte",
    "slug": "deporte"
  },
  "model": "topic.topic",
  "pk": 8
},
{
  "fields": {
    "enable": false,
    "order": 9,
    "name": "Blog",
    "slug": "blog"
  },
  "model": "topic.topic",
  "pk": 9
},
{
  "fields": {
    "enable": true,
    "order": 10,
    "name": "Banco",
    "slug": "banco"
  },
  "model": "topic.topic",
  "pk": 10
},
{
  "fields": {
    "enable": true,
    "order": 12,
    "name": "Turismo",
    "slug": "turismo"
  },
  "model": "topic.topic",
  "pk": 11
},
{
  "fields": {
    "enable": true,
    "order": 11,
    "name": "Gobierno",
    "slug": "gobierno"
  },
  "model": "topic.topic",
  "pk": 12
},
{
  "fields": {
    "topic": 2,
    "link": "https://www.spotify.com/es/",
    "name": "Spotify",
    "order": 1
  },
  "model": "topic.topicitem",
  "pk": 1
},
{
  "fields": {
    "topic": 1,
    "link": "http://Elmundo.es",
    "name": "Elmundo",
    "order": 1
  },
  "model": "topic.topicitem",
  "pk": 2
},
{
  "fields": {
    "topic": 1,
    "link": "http://Elpais.com",
    "name": "Elpais",
    "order": 2
  },
  "model": "topic.topicitem",
  "pk": 3
},
{
  "fields": {
    "topic": 1,
    "link": "http://Abc.es",
    "name": "Abc",
    "order": 3
  },
  "model": "topic.topicitem",
  "pk": 4
},
{
  "fields": {
    "topic": 1,
    "link": "http://Elconfidencial.com",
    "name": "Elconfidencial",
    "order": 4
  },
  "model": "topic.topicitem",
  "pk": 5
},
{
  "fields": {
    "topic": 1,
    "link": "http://20minutos.es",
    "name": "20minutos",
    "order": 5
  },
  "model": "topic.topicitem",
  "pk": 6
},
{
  "fields": {
    "topic": 12,
    "link": "http://Agenciatributaria.es",
    "name": "Agenciatributaria",
    "order": 2
  },
  "model": "topic.topicitem",
  "pk": 8
},
{
  "fields": {
    "topic": 12,
    "link": "http://adeandalucia.es",
    "name": "Adeandalucia",
    "order": 3
  },
  "model": "topic.topicitem",
  "pk": 9
},
{
  "fields": {
    "topic": 12,
    "link": "http://Sepe.gob.es",
    "name": "Sepe",
    "order": 4
  },
  "model": "topic.topicitem",
  "pk": 10
},
{
  "fields": {
    "topic": 12,
    "link": "http://europa.eu",
    "name": "europa.eu",
    "order": 5
  },
  "model": "topic.topicitem",
  "pk": 11
},
{
  "fields": {
    "topic": 3,
    "link": "http://Facebook.com",
    "name": "Facebook",
    "order": 1
  },
  "model": "topic.topicitem",
  "pk": 12
},
{
  "fields": {
    "topic": 3,
    "link": "http://Twitter.com",
    "name": "Twitter",
    "order": 2
  },
  "model": "topic.topicitem",
  "pk": 13
},
{
  "fields": {
    "topic": 3,
    "link": "http://Instagram.com",
    "name": "Instagram",
    "order": 3
  },
  "model": "topic.topicitem",
  "pk": 14
},
{
  "fields": {
    "topic": 3,
    "link": "http://skype.com",
    "name": "Skype",
    "order": 4
  },
  "model": "topic.topicitem",
  "pk": 15
},
{
  "fields": {
    "topic": 3,
    "link": "http://Whatsapp.com",
    "name": "Whatsapp",
    "order": 5
  },
  "model": "topic.topicitem",
  "pk": 16
},
{
  "fields": {
    "topic": 5,
    "link": "http://Amazon.es",
    "name": "Amazon",
    "order": 1
  },
  "model": "topic.topicitem",
  "pk": 17
},
{
  "fields": {
    "topic": 5,
    "link": "http://aliexpress.com",
    "name": "Aliexpress",
    "order": 2
  },
  "model": "topic.topicitem",
  "pk": 18
},
{
  "fields": {
    "topic": 5,
    "link": "http://Ebay.es",
    "name": "Ebay",
    "order": 3
  },
  "model": "topic.topicitem",
  "pk": 19
},
{
  "fields": {
    "topic": 5,
    "link": "http://Segundamano.es",
    "name": "Segundamano",
    "order": 4
  },
  "model": "topic.topicitem",
  "pk": 20
},
{
  "fields": {
    "topic": 5,
    "link": "http://Idealista.com",
    "name": "Idealista",
    "order": 5
  },
  "model": "topic.topicitem",
  "pk": 21
},
{
  "fields": {
    "topic": 7,
    "link": "http://Yahoo.com",
    "name": "Yahoo",
    "order": 1
  },
  "model": "topic.topicitem",
  "pk": 22
},
{
  "fields": {
    "topic": 7,
    "link": "http://msn.com",
    "name": "MSN",
    "order": 2
  },
  "model": "topic.topicitem",
  "pk": 23
},
{
  "fields": {
    "topic": 7,
    "link": "http://Microsoft.com",
    "name": "Microsoft",
    "order": 3
  },
  "model": "topic.topicitem",
  "pk": 24
},
{
  "fields": {
    "topic": 7,
    "link": "http://Apple.com",
    "name": "Apple",
    "order": 4
  },
  "model": "topic.topicitem",
  "pk": 25
},
{
  "fields": {
    "topic": 7,
    "link": "http://facilisimo.com",
    "name": "Facilisimo",
    "order": 5
  },
  "model": "topic.topicitem",
  "pk": 26
},
{
  "fields": {
    "topic": 8,
    "link": "http://Marca.com",
    "name": "Marca",
    "order": 1
  },
  "model": "topic.topicitem",
  "pk": 27
},
{
  "fields": {
    "topic": 8,
    "link": "http://As.com",
    "name": "As.com",
    "order": 2
  },
  "model": "topic.topicitem",
  "pk": 28
},
{
  "fields": {
    "topic": 8,
    "link": "http://Resultados-futbol.com",
    "name": "Resultados-futbol",
    "order": 3
  },
  "model": "topic.topicitem",
  "pk": 29
},
{
  "fields": {
    "topic": 8,
    "link": "http://Sport.es",
    "name": "Sport.es",
    "order": 4
  },
  "model": "topic.topicitem",
  "pk": 30
},
{
  "fields": {
    "topic": 8,
    "link": "http://Mundodeportivo.com",
    "name": "Mundodeportivo",
    "order": 5
  },
  "model": "topic.topicitem",
  "pk": 31
},
{
  "fields": {
    "topic": 10,
    "link": "http://Lacaixa.es",
    "name": "Lacaixa",
    "order": 1
  },
  "model": "topic.topicitem",
  "pk": 32
},
{
  "fields": {
    "topic": 10,
    "link": "http://Paypal.com",
    "name": "Paypal",
    "order": 2
  },
  "model": "topic.topicitem",
  "pk": 33
},
{
  "fields": {
    "topic": 10,
    "link": "http://Bbva.es",
    "name": "Bbva",
    "order": 3
  },
  "model": "topic.topicitem",
  "pk": 34
},
{
  "fields": {
    "topic": 10,
    "link": "http://Bancsabadell.com",
    "name": "BancSabadell",
    "order": 5
  },
  "model": "topic.topicitem",
  "pk": 35
},
{
  "fields": {
    "topic": 10,
    "link": "http://Bankia.es",
    "name": "Bankia",
    "order": 4
  },
  "model": "topic.topicitem",
  "pk": 36
},
{
  "fields": {
    "topic": 11,
    "link": "http://Booking.com",
    "name": "Booking",
    "order": 1
  },
  "model": "topic.topicitem",
  "pk": 37
},
{
  "fields": {
    "topic": 11,
    "link": "http://Airbnb.es",
    "name": "Airbnb",
    "order": 3
  },
  "model": "topic.topicitem",
  "pk": 38
},
{
  "fields": {
    "topic": 11,
    "link": "http://Vueling.com",
    "name": "Vueling",
    "order": 2
  },
  "model": "topic.topicitem",
  "pk": 39
},
{
  "fields": {
    "topic": 11,
    "link": "http://Renfe.es",
    "name": "Renfe",
    "order": 4
  },
  "model": "topic.topicitem",
  "pk": 40
},
{
  "fields": {
    "topic": 11,
    "link": "http://Tripadvisor.es",
    "name": "Tripadvisor",
    "order": 5
  },
  "model": "topic.topicitem",
  "pk": 41
},
{
  "fields": {
    "codename": "add_logentry",
    "name": "Can add log entry",
    "content_type": 1
  },
  "model": "auth.permission",
  "pk": 1
},
{
  "fields": {
    "codename": "change_logentry",
    "name": "Can change log entry",
    "content_type": 1
  },
  "model": "auth.permission",
  "pk": 2
},
{
  "fields": {
    "codename": "delete_logentry",
    "name": "Can delete log entry",
    "content_type": 1
  },
  "model": "auth.permission",
  "pk": 3
},
{
  "fields": {
    "codename": "add_permission",
    "name": "Can add permission",
    "content_type": 2
  },
  "model": "auth.permission",
  "pk": 4
},
{
  "fields": {
    "codename": "change_permission",
    "name": "Can change permission",
    "content_type": 2
  },
  "model": "auth.permission",
  "pk": 5
},
{
  "fields": {
    "codename": "delete_permission",
    "name": "Can delete permission",
    "content_type": 2
  },
  "model": "auth.permission",
  "pk": 6
},
{
  "fields": {
    "codename": "add_group",
    "name": "Can add group",
    "content_type": 3
  },
  "model": "auth.permission",
  "pk": 7
},
{
  "fields": {
    "codename": "change_group",
    "name": "Can change group",
    "content_type": 3
  },
  "model": "auth.permission",
  "pk": 8
},
{
  "fields": {
    "codename": "delete_group",
    "name": "Can delete group",
    "content_type": 3
  },
  "model": "auth.permission",
  "pk": 9
},
{
  "fields": {
    "codename": "add_user",
    "name": "Can add user",
    "content_type": 4
  },
  "model": "auth.permission",
  "pk": 10
},
{
  "fields": {
    "codename": "change_user",
    "name": "Can change user",
    "content_type": 4
  },
  "model": "auth.permission",
  "pk": 11
},
{
  "fields": {
    "codename": "delete_user",
    "name": "Can delete user",
    "content_type": 4
  },
  "model": "auth.permission",
  "pk": 12
},
{
  "fields": {
    "codename": "add_contenttype",
    "name": "Can add content type",
    "content_type": 5
  },
  "model": "auth.permission",
  "pk": 13
},
{
  "fields": {
    "codename": "change_contenttype",
    "name": "Can change content type",
    "content_type": 5
  },
  "model": "auth.permission",
  "pk": 14
},
{
  "fields": {
    "codename": "delete_contenttype",
    "name": "Can delete content type",
    "content_type": 5
  },
  "model": "auth.permission",
  "pk": 15
},
{
  "fields": {
    "codename": "add_session",
    "name": "Can add session",
    "content_type": 6
  },
  "model": "auth.permission",
  "pk": 16
},
{
  "fields": {
    "codename": "change_session",
    "name": "Can change session",
    "content_type": 6
  },
  "model": "auth.permission",
  "pk": 17
},
{
  "fields": {
    "codename": "delete_session",
    "name": "Can delete session",
    "content_type": 6
  },
  "model": "auth.permission",
  "pk": 18
},
{
  "fields": {
    "codename": "add_hotsite",
    "name": "Can add hot site",
    "content_type": 7
  },
  "model": "auth.permission",
  "pk": 19
},
{
  "fields": {
    "codename": "change_hotsite",
    "name": "Can change hot site",
    "content_type": 7
  },
  "model": "auth.permission",
  "pk": 20
},
{
  "fields": {
    "codename": "delete_hotsite",
    "name": "Can delete hot site",
    "content_type": 7
  },
  "model": "auth.permission",
  "pk": 21
},
{
  "fields": {
    "codename": "add_topic",
    "name": "Can add topic",
    "content_type": 8
  },
  "model": "auth.permission",
  "pk": 22
},
{
  "fields": {
    "codename": "change_topic",
    "name": "Can change topic",
    "content_type": 8
  },
  "model": "auth.permission",
  "pk": 23
},
{
  "fields": {
    "codename": "delete_topic",
    "name": "Can delete topic",
    "content_type": 8
  },
  "model": "auth.permission",
  "pk": 24
},
{
  "fields": {
    "codename": "add_topicitem",
    "name": "Can add topic item",
    "content_type": 9
  },
  "model": "auth.permission",
  "pk": 25
},
{
  "fields": {
    "codename": "change_topicitem",
    "name": "Can change topic item",
    "content_type": 9
  },
  "model": "auth.permission",
  "pk": 26
},
{
  "fields": {
    "codename": "delete_topicitem",
    "name": "Can delete topic item",
    "content_type": 9
  },
  "model": "auth.permission",
  "pk": 27
},
{
  "fields": {
    "codename": "add_subtopic",
    "name": "Can add sub topic",
    "content_type": 10
  },
  "model": "auth.permission",
  "pk": 28
},
{
  "fields": {
    "codename": "change_subtopic",
    "name": "Can change sub topic",
    "content_type": 10
  },
  "model": "auth.permission",
  "pk": 29
},
{
  "fields": {
    "codename": "delete_subtopic",
    "name": "Can delete sub topic",
    "content_type": 10
  },
  "model": "auth.permission",
  "pk": 30
},
{
  "fields": {
    "codename": "add_subtopicitem",
    "name": "Can add sub topic item",
    "content_type": 11
  },
  "model": "auth.permission",
  "pk": 31
},
{
  "fields": {
    "codename": "change_subtopicitem",
    "name": "Can change sub topic item",
    "content_type": 11
  },
  "model": "auth.permission",
  "pk": 32
},
{
  "fields": {
    "codename": "delete_subtopicitem",
    "name": "Can delete sub topic item",
    "content_type": 11
  },
  "model": "auth.permission",
  "pk": 33
},
{
  "fields": {
    "username": "wenbin",
    "first_name": "",
    "last_name": "",
    "is_active": true,
    "is_superuser": true,
    "is_staff": true,
    "last_login": "2015-06-19T18:43:57.900Z",
    "groups": [],
    "user_permissions": [],
    "password": "pbkdf2_sha256$20000$qnzJu5XgHcQ3$CPuwApV5M4go3Dk2IdAzbj+0Z0T/W5JrZlOfazd83rg=",
    "email": "wenbin87@gmail.com",
    "date_joined": "2015-06-18T15:57:33.495Z"
  },
  "model": "auth.user",
  "pk": 1
}
]
