[
{
  "fields": {
    "model": "logentry",
    "app_label": "admin"
  },
  "model": "contenttypes.contenttype",
  "pk": 1
},
{
  "fields": {
    "model": "permission",
    "app_label": "auth"
  },
  "model": "contenttypes.contenttype",
  "pk": 2
},
{
  "fields": {
    "model": "group",
    "app_label": "auth"
  },
  "model": "contenttypes.contenttype",
  "pk": 3
},
{
  "fields": {
    "model": "user",
    "app_label": "auth"
  },
  "model": "contenttypes.contenttype",
  "pk": 4
},
{
  "fields": {
    "model": "contenttype",
    "app_label": "contenttypes"
  },
  "model": "contenttypes.contenttype",
  "pk": 5
},
{
  "fields": {
    "model": "session",
    "app_label": "sessions"
  },
  "model": "contenttypes.contenttype",
  "pk": 6
},
{
  "fields": {
    "model": "hotsite",
    "app_label": "hotsite"
  },
  "model": "contenttypes.contenttype",
  "pk": 7
},
{
  "fields": {
    "model": "topic",
    "app_label": "topic"
  },
  "model": "contenttypes.contenttype",
  "pk": 8
},
{
  "fields": {
    "model": "subtopic",
    "app_label": "topic"
  },
  "model": "contenttypes.contenttype",
  "pk": 10
},
{
  "fields": {
    "model": "subtopicitem",
    "app_label": "topic"
  },
  "model": "contenttypes.contenttype",
  "pk": 11
},
{
  "fields": {
    "model": "news",
    "app_label": "rssnews"
  },
  "model": "contenttypes.contenttype",
  "pk": 12
},
{
  "fields": {
    "img_name": "fb",
    "enable": true,
    "link": "http://facebook.com",
    "order": 1,
    "name": "Facebook"
  },
  "model": "hotsite.hotsite",
  "pk": 1
},
{
  "fields": {
    "img_name": "twitter",
    "enable": true,
    "link": "http://twiiter.com",
    "order": 1,
    "name": "twitter"
  },
  "model": "hotsite.hotsite",
  "pk": 2
},
{
  "fields": {
    "img_name": "youtube",
    "enable": true,
    "link": "http://youtube.com",
    "order": 1,
    "name": "YouTube"
  },
  "model": "hotsite.hotsite",
  "pk": 3
},
{
  "fields": {
    "img_name": "amazon",
    "enable": true,
    "link": "http://amazon.es",
    "order": 1,
    "name": "Amazon"
  },
  "model": "hotsite.hotsite",
  "pk": 4
},
{
  "fields": {
    "img_name": "ebay",
    "enable": true,
    "link": "http://ebay.es",
    "order": 1,
    "name": "Ebay"
  },
  "model": "hotsite.hotsite",
  "pk": 5
},
{
  "fields": {
    "img_name": "wordpress",
    "enable": true,
    "link": "https://es.wordpress.com/",
    "order": 1,
    "name": "Wordpress"
  },
  "model": "hotsite.hotsite",
  "pk": 6
},
{
  "fields": {
    "img_name": "yahoo",
    "enable": true,
    "link": "http://yahoo.es",
    "order": 1,
    "name": "Yahoo"
  },
  "model": "hotsite.hotsite",
  "pk": 7
},
{
  "fields": {
    "img_name": "linkedin",
    "enable": true,
    "link": "https://www.linkedin.com/",
    "order": 1,
    "name": "LinkedIn"
  },
  "model": "hotsite.hotsite",
  "pk": 8
},
{
  "fields": {
    "img_name": "elpais",
    "enable": true,
    "link": "http://elpais.com",
    "order": 1,
    "name": "El Pais"
  },
  "model": "hotsite.hotsite",
  "pk": 9
},
{
  "fields": {
    "slug": "noticias",
    "enable": true,
    "order": 1,
    "name": "Noticias"
  },
  "model": "topic.topic",
  "pk": 1
},
{
  "fields": {
    "slug": "entretenimiento",
    "enable": true,
    "order": 2,
    "name": "Entretenimiento"
  },
  "model": "topic.topic",
  "pk": 2
},
{
  "fields": {
    "slug": "mediasocial",
    "enable": true,
    "order": 4,
    "name": "Media Social"
  },
  "model": "topic.topic",
  "pk": 3
},
{
  "fields": {
    "slug": "finanzas",
    "enable": false,
    "order": 6,
    "name": "Finanzas"
  },
  "model": "topic.topic",
  "pk": 4
},
{
  "fields": {
    "slug": "shopping",
    "enable": true,
    "order": 5,
    "name": "Shopping"
  },
  "model": "topic.topic",
  "pk": 5
},
{
  "fields": {
    "slug": "viajes",
    "enable": true,
    "order": 7,
    "name": "Viajes"
  },
  "model": "topic.topic",
  "pk": 6
},
{
  "fields": {
    "slug": "loteria",
    "enable": true,
    "order": 9,
    "name": "Loter\u00eda"
  },
  "model": "topic.topic",
  "pk": 7
},
{
  "fields": {
    "slug": "deportes",
    "enable": true,
    "order": 3,
    "name": "Deportes"
  },
  "model": "topic.topic",
  "pk": 8
},
{
  "fields": {
    "slug": "empleo",
    "enable": false,
    "order": 8,
    "name": "Empleo"
  },
  "model": "topic.topic",
  "pk": 9
},
{
  "fields": {
    "slug": "herramientas",
    "enable": true,
    "order": 10,
    "name": "Herramientas"
  },
  "model": "topic.topic",
  "pk": 10
},
{
  "fields": {
    "slug": "estilo",
    "enable": true,
    "order": 12,
    "name": "Estilo"
  },
  "model": "topic.topic",
  "pk": 11
},
{
  "fields": {
    "slug": "informacion",
    "enable": true,
    "order": 11,
    "name": "Informaci\u00f3n"
  },
  "model": "topic.topic",
  "pk": 13
},
{
  "fields": {
    "topic": 1,
    "slug": "nacional",
    "enable": true,
    "order": 1,
    "name": "NACIONAL"
  },
  "model": "topic.subtopic",
  "pk": 1
},
{
  "fields": {
    "topic": 1,
    "slug": "internacional",
    "enable": true,
    "order": 2,
    "name": "INTERNACIONAL"
  },
  "model": "topic.subtopic",
  "pk": 2
},
{
  "fields": {
    "topic": 8,
    "slug": "noticias",
    "enable": true,
    "order": 1,
    "name": "NOTICIAS"
  },
  "model": "topic.subtopic",
  "pk": 3
},
{
  "fields": {
    "topic": 2,
    "slug": "video",
    "enable": true,
    "order": 1,
    "name": "VIDEO"
  },
  "model": "topic.subtopic",
  "pk": 7
},
{
  "fields": {
    "topic": 2,
    "slug": "musica",
    "enable": true,
    "order": 2,
    "name": "M\u00daSICA"
  },
  "model": "topic.subtopic",
  "pk": 8
},
{
  "fields": {
    "topic": 2,
    "slug": "tv",
    "enable": true,
    "order": 3,
    "name": "TV"
  },
  "model": "topic.subtopic",
  "pk": 9
},
{
  "fields": {
    "topic": 2,
    "slug": "cine",
    "enable": true,
    "order": 4,
    "name": "CINE"
  },
  "model": "topic.subtopic",
  "pk": 10
},
{
  "fields": {
    "topic": 8,
    "slug": "futbol",
    "enable": true,
    "order": 1,
    "name": "F\u00daTBOL"
  },
  "model": "topic.subtopic",
  "pk": 11
},
{
  "fields": {
    "topic": 8,
    "slug": "baloncesto",
    "enable": true,
    "order": 3,
    "name": "BALONCESTO"
  },
  "model": "topic.subtopic",
  "pk": 12
},
{
  "fields": {
    "topic": 8,
    "slug": "f1",
    "enable": true,
    "order": 4,
    "name": "F1"
  },
  "model": "topic.subtopic",
  "pk": 13
},
{
  "fields": {
    "topic": 8,
    "slug": "tennis",
    "enable": true,
    "order": 2,
    "name": "TENNIS"
  },
  "model": "topic.subtopic",
  "pk": 14
},
{
  "fields": {
    "topic": 3,
    "slug": "blogs",
    "enable": true,
    "order": 2,
    "name": "BLOGS"
  },
  "model": "topic.subtopic",
  "pk": 18
},
{
  "fields": {
    "topic": 2,
    "slug": "radio",
    "enable": true,
    "order": 5,
    "name": "RADIO"
  },
  "model": "topic.subtopic",
  "pk": 22
},
{
  "fields": {
    "topic": 2,
    "slug": "soloadulto",
    "enable": true,
    "order": 7,
    "name": "S\u00d3LO ADULTO"
  },
  "model": "topic.subtopic",
  "pk": 23
},
{
  "fields": {
    "topic": 2,
    "slug": "juego",
    "enable": true,
    "order": 6,
    "name": "JUEGO"
  },
  "model": "topic.subtopic",
  "pk": 24
},
{
  "fields": {
    "topic": 4,
    "slug": "mercados",
    "enable": true,
    "order": 2,
    "name": "MERCADOS"
  },
  "model": "topic.subtopic",
  "pk": 27
},
{
  "fields": {
    "topic": 4,
    "slug": "bancos",
    "enable": true,
    "order": 1,
    "name": "BANCOS"
  },
  "model": "topic.subtopic",
  "pk": 29
},
{
  "fields": {
    "topic": 7,
    "slug": "loteria",
    "enable": true,
    "order": 1,
    "name": "LOTERIA"
  },
  "model": "topic.subtopic",
  "pk": 31
},
{
  "fields": {
    "topic": 5,
    "slug": "populares",
    "enable": true,
    "order": 1,
    "name": "POPULARES"
  },
  "model": "topic.subtopic",
  "pk": 33
},
{
  "fields": {
    "topic": 5,
    "slug": "coche",
    "enable": true,
    "order": 2,
    "name": "COCHE"
  },
  "model": "topic.subtopic",
  "pk": 34
},
{
  "fields": {
    "topic": 5,
    "slug": "moda",
    "enable": true,
    "order": 3,
    "name": "MODA"
  },
  "model": "topic.subtopic",
  "pk": 35
},
{
  "fields": {
    "topic": 5,
    "slug": "casa",
    "enable": true,
    "order": 4,
    "name": "CASA"
  },
  "model": "topic.subtopic",
  "pk": 36
},
{
  "fields": {
    "topic": 5,
    "slug": "segundamano",
    "enable": true,
    "order": 5,
    "name": "SEGUNDA MANO"
  },
  "model": "topic.subtopic",
  "pk": 37
},
{
  "fields": {
    "topic": 6,
    "slug": "transporte",
    "enable": true,
    "order": 1,
    "name": "TRANSPORTE"
  },
  "model": "topic.subtopic",
  "pk": 38
},
{
  "fields": {
    "topic": 6,
    "slug": "hoteles",
    "enable": true,
    "order": 2,
    "name": "HOTELES"
  },
  "model": "topic.subtopic",
  "pk": 39
},
{
  "fields": {
    "topic": 6,
    "slug": "viajes",
    "enable": true,
    "order": 3,
    "name": "Viajes"
  },
  "model": "topic.subtopic",
  "pk": 40
},
{
  "fields": {
    "topic": 3,
    "slug": "populares",
    "enable": true,
    "order": 1,
    "name": "POPULARES"
  },
  "model": "topic.subtopic",
  "pk": 41
},
{
  "fields": {
    "topic": 4,
    "slug": "convertidordedivisas",
    "enable": true,
    "order": 3,
    "name": "CONVERTIDOR DE DIVISAS"
  },
  "model": "topic.subtopic",
  "pk": 42
},
{
  "fields": {
    "topic": 2,
    "slug": "moda",
    "enable": true,
    "order": 8,
    "name": "MODA"
  },
  "model": "topic.subtopic",
  "pk": 43
},
{
  "fields": {
    "topic": 13,
    "slug": "informacion",
    "enable": true,
    "order": 1,
    "name": "Informaci\u00f3n"
  },
  "model": "topic.subtopic",
  "pk": 44
},
{
  "fields": {
    "topic": 5,
    "slug": "libro",
    "enable": true,
    "order": 6,
    "name": "LIBRO"
  },
  "model": "topic.subtopic",
  "pk": 45
},
{
  "fields": {
    "topic": 5,
    "slug": "informatico",
    "enable": true,
    "order": 7,
    "name": "INFORM\u00c1TICO"
  },
  "model": "topic.subtopic",
  "pk": 46
},
{
  "fields": {
    "topic": 5,
    "slug": "hogar",
    "enable": true,
    "order": 8,
    "name": "HOGAR"
  },
  "model": "topic.subtopic",
  "pk": 47
},
{
  "fields": {
    "topic": 10,
    "slug": "idiomas",
    "enable": true,
    "order": 1,
    "name": "IDIOMAS"
  },
  "model": "topic.subtopic",
  "pk": 48
},
{
  "fields": {
    "topic": 10,
    "slug": "seviciopublico",
    "enable": true,
    "order": 2,
    "name": "SERVICIO P\u00daBLICO"
  },
  "model": "topic.subtopic",
  "pk": 49
},
{
  "fields": {
    "topic": 10,
    "slug": "empleos",
    "enable": true,
    "order": 3,
    "name": "EMPLEOS"
  },
  "model": "topic.subtopic",
  "pk": 50
},
{
  "fields": {
    "topic": 10,
    "slug": "emails",
    "enable": true,
    "order": 4,
    "name": "EMAILS"
  },
  "model": "topic.subtopic",
  "pk": 51
},
{
  "fields": {
    "topic": 10,
    "slug": "lineastelefonicas",
    "enable": true,
    "order": 5,
    "name": "L\u00cdNEAS TELEF\u00d3NICAS"
  },
  "model": "topic.subtopic",
  "pk": 52
},
{
  "fields": {
    "topic": 10,
    "slug": "tiempo",
    "enable": true,
    "order": 6,
    "name": "TIEMPO"
  },
  "model": "topic.subtopic",
  "pk": 53
},
{
  "fields": {
    "topic": 10,
    "slug": "correos",
    "enable": true,
    "order": 7,
    "name": "CORREOS"
  },
  "model": "topic.subtopic",
  "pk": 54
},
{
  "fields": {
    "topic": 10,
    "slug": "generales",
    "enable": true,
    "order": 8,
    "name": "GENERALES"
  },
  "model": "topic.subtopic",
  "pk": 55
},
{
  "fields": {
    "enable": true,
    "name": "El Mundo",
    "frontpage_order": 1,
    "shown_in_frontpage": true,
    "link": "http://elmundo.es",
    "order": 1,
    "subtopic": 1
  },
  "model": "topic.subtopicitem",
  "pk": 2
},
{
  "fields": {
    "enable": true,
    "name": "El Pa\u00eds",
    "frontpage_order": 1,
    "shown_in_frontpage": true,
    "link": "http://www.elpais.com",
    "order": 2,
    "subtopic": 1
  },
  "model": "topic.subtopicitem",
  "pk": 3
},
{
  "fields": {
    "enable": true,
    "name": "ABC",
    "frontpage_order": 1,
    "shown_in_frontpage": true,
    "link": "http://abc.es",
    "order": 3,
    "subtopic": 1
  },
  "model": "topic.subtopicitem",
  "pk": 4
},
{
  "fields": {
    "enable": true,
    "name": "El Confidencial",
    "frontpage_order": 1,
    "shown_in_frontpage": true,
    "link": "http://elconfidencial.com",
    "order": 4,
    "subtopic": 1
  },
  "model": "topic.subtopicitem",
  "pk": 5
},
{
  "fields": {
    "enable": true,
    "name": "La Vanguardia",
    "frontpage_order": 1,
    "shown_in_frontpage": true,
    "link": "http://lavanguardia.com",
    "order": 5,
    "subtopic": 1
  },
  "model": "topic.subtopicitem",
  "pk": 6
},
{
  "fields": {
    "enable": true,
    "name": "20 Minutos",
    "frontpage_order": 1,
    "shown_in_frontpage": false,
    "link": "http://20minutos.es",
    "order": 6,
    "subtopic": 1
  },
  "model": "topic.subtopicitem",
  "pk": 7
},
{
  "fields": {
    "enable": true,
    "name": "El Economista",
    "frontpage_order": 1,
    "shown_in_frontpage": true,
    "link": "http://eleconomista.es",
    "order": 7,
    "subtopic": 1
  },
  "model": "topic.subtopicitem",
  "pk": 8
},
{
  "fields": {
    "enable": true,
    "name": "Expansi\u00f3n",
    "frontpage_order": 1,
    "shown_in_frontpage": false,
    "link": "http://expansion.com",
    "order": 8,
    "subtopic": 1
  },
  "model": "topic.subtopicitem",
  "pk": 9
},
{
  "fields": {
    "enable": true,
    "name": "El Diario",
    "frontpage_order": 1,
    "shown_in_frontpage": false,
    "link": "http://eldiario.es",
    "order": 9,
    "subtopic": 1
  },
  "model": "topic.subtopicitem",
  "pk": 10
},
{
  "fields": {
    "enable": true,
    "name": "Libertad Digital",
    "frontpage_order": 1,
    "shown_in_frontpage": false,
    "link": "http://libertaddigital.com",
    "order": 10,
    "subtopic": 1
  },
  "model": "topic.subtopicitem",
  "pk": 11
},
{
  "fields": {
    "enable": true,
    "name": "P\u00fablico",
    "frontpage_order": 1,
    "shown_in_frontpage": false,
    "link": "http://publico.es",
    "order": 11,
    "subtopic": 1
  },
  "model": "topic.subtopicitem",
  "pk": 12
},
{
  "fields": {
    "enable": true,
    "name": "Diario Vasco",
    "frontpage_order": 1,
    "shown_in_frontpage": false,
    "link": "http://diariovasco.com",
    "order": 12,
    "subtopic": 1
  },
  "model": "topic.subtopicitem",
  "pk": 13
},
{
  "fields": {
    "enable": true,
    "name": "BBC",
    "frontpage_order": 1,
    "shown_in_frontpage": true,
    "link": "http://bbc.com",
    "order": 1,
    "subtopic": 2
  },
  "model": "topic.subtopicitem",
  "pk": 14
},
{
  "fields": {
    "enable": true,
    "name": "CNN",
    "frontpage_order": 1,
    "shown_in_frontpage": true,
    "link": "http://www.cnn.com",
    "order": 2,
    "subtopic": 2
  },
  "model": "topic.subtopicitem",
  "pk": 15
},
{
  "fields": {
    "enable": true,
    "name": "Reuters",
    "frontpage_order": 1,
    "shown_in_frontpage": false,
    "link": "http://www.reuters.com",
    "order": 3,
    "subtopic": 2
  },
  "model": "topic.subtopicitem",
  "pk": 16
},
{
  "fields": {
    "enable": true,
    "name": "AFP",
    "frontpage_order": 1,
    "shown_in_frontpage": false,
    "link": "http://www.afp.com",
    "order": 4,
    "subtopic": 2
  },
  "model": "topic.subtopicitem",
  "pk": 17
},
{
  "fields": {
    "enable": true,
    "name": "DPA",
    "frontpage_order": 1,
    "shown_in_frontpage": false,
    "link": "http://www.dpa.de",
    "order": 5,
    "subtopic": 2
  },
  "model": "topic.subtopicitem",
  "pk": 18
},
{
  "fields": {
    "enable": true,
    "name": "ANSA",
    "frontpage_order": 1,
    "shown_in_frontpage": false,
    "link": "http://ansa.it",
    "order": 6,
    "subtopic": 2
  },
  "model": "topic.subtopicitem",
  "pk": 19
},
{
  "fields": {
    "enable": true,
    "name": "Kyodo News",
    "frontpage_order": 1,
    "shown_in_frontpage": false,
    "link": "http://www.kyodonews.com",
    "order": 7,
    "subtopic": 2
  },
  "model": "topic.subtopicitem",
  "pk": 20
},
{
  "fields": {
    "enable": true,
    "name": "XINHUA",
    "frontpage_order": 1,
    "shown_in_frontpage": false,
    "link": "http://www.news.cn/english/",
    "order": 8,
    "subtopic": 2
  },
  "model": "topic.subtopicitem",
  "pk": 21
},
{
  "fields": {
    "enable": true,
    "name": "La Voz de Galicia",
    "frontpage_order": 1,
    "shown_in_frontpage": false,
    "link": "http://lavozdegalicia.es",
    "order": 13,
    "subtopic": 1
  },
  "model": "topic.subtopicitem",
  "pk": 22
},
{
  "fields": {
    "enable": true,
    "name": "Hola",
    "frontpage_order": 1,
    "shown_in_frontpage": false,
    "link": "http://hora.com",
    "order": 14,
    "subtopic": 1
  },
  "model": "topic.subtopicitem",
  "pk": 23
},
{
  "fields": {
    "enable": true,
    "name": "Heraldo",
    "frontpage_order": 1,
    "shown_in_frontpage": false,
    "link": "http://heraldo.es",
    "order": 15,
    "subtopic": 1
  },
  "model": "topic.subtopicitem",
  "pk": 24
},
{
  "fields": {
    "enable": true,
    "name": "La Sexta",
    "frontpage_order": 1,
    "shown_in_frontpage": false,
    "link": "http://lasexta.com",
    "order": 16,
    "subtopic": 1
  },
  "model": "topic.subtopicitem",
  "pk": 25
},
{
  "fields": {
    "enable": true,
    "name": "Marca",
    "frontpage_order": 1,
    "shown_in_frontpage": true,
    "link": "http://marca.com",
    "order": 1,
    "subtopic": 3
  },
  "model": "topic.subtopicitem",
  "pk": 26
},
{
  "fields": {
    "enable": true,
    "name": "AS",
    "frontpage_order": 1,
    "shown_in_frontpage": true,
    "link": "http://as.com",
    "order": 2,
    "subtopic": 3
  },
  "model": "topic.subtopicitem",
  "pk": 27
},
{
  "fields": {
    "enable": true,
    "name": "Resultados-F\u00fatbol",
    "frontpage_order": 1,
    "shown_in_frontpage": true,
    "link": "http://resultados-futbol.com",
    "order": 3,
    "subtopic": 3
  },
  "model": "topic.subtopicitem",
  "pk": 28
},
{
  "fields": {
    "enable": true,
    "name": "Sport",
    "frontpage_order": 1,
    "shown_in_frontpage": true,
    "link": "http://sport.es",
    "order": 4,
    "subtopic": 3
  },
  "model": "topic.subtopicitem",
  "pk": 29
},
{
  "fields": {
    "enable": true,
    "name": "Mundo Deportivo",
    "frontpage_order": 1,
    "shown_in_frontpage": true,
    "link": "http://mundodeportivo.com",
    "order": 5,
    "subtopic": 3
  },
  "model": "topic.subtopicitem",
  "pk": 30
},
{
  "fields": {
    "enable": true,
    "name": "Roja Directa",
    "frontpage_order": 1,
    "shown_in_frontpage": true,
    "link": "http://rojadirecta.me",
    "order": 6,
    "subtopic": 3
  },
  "model": "topic.subtopicitem",
  "pk": 31
},
{
  "fields": {
    "enable": true,
    "name": "NBA",
    "frontpage_order": 1,
    "shown_in_frontpage": true,
    "link": "http://nba.com",
    "order": 7,
    "subtopic": 3
  },
  "model": "topic.subtopicitem",
  "pk": 32
},
{
  "fields": {
    "enable": true,
    "name": "Youtube",
    "frontpage_order": 1,
    "shown_in_frontpage": true,
    "link": "http://www.youtube.com",
    "order": 1,
    "subtopic": 7
  },
  "model": "topic.subtopicitem",
  "pk": 33
},
{
  "fields": {
    "enable": true,
    "name": "RTVE",
    "frontpage_order": 1,
    "shown_in_frontpage": true,
    "link": "http://www.rtve.es",
    "order": 1,
    "subtopic": 9
  },
  "model": "topic.subtopicitem",
  "pk": 34
},
{
  "fields": {
    "enable": true,
    "name": "Telecinco",
    "frontpage_order": 1,
    "shown_in_frontpage": true,
    "link": "http://www.telecinco.es",
    "order": 2,
    "subtopic": 9
  },
  "model": "topic.subtopicitem",
  "pk": 35
},
{
  "fields": {
    "enable": true,
    "name": "Antena 3",
    "frontpage_order": 1,
    "shown_in_frontpage": true,
    "link": "http://www.antena3.com",
    "order": 3,
    "subtopic": 9
  },
  "model": "topic.subtopicitem",
  "pk": 36
},
{
  "fields": {
    "enable": true,
    "name": "FormulaTV",
    "frontpage_order": 1,
    "shown_in_frontpage": false,
    "link": "http://www.formulatv.com",
    "order": 2,
    "subtopic": 7
  },
  "model": "topic.subtopicitem",
  "pk": 37
},
{
  "fields": {
    "enable": true,
    "name": "AltersPlayer",
    "frontpage_order": 1,
    "shown_in_frontpage": false,
    "link": "http://altresplayer.com",
    "order": 4,
    "subtopic": 9
  },
  "model": "topic.subtopicitem",
  "pk": 38
},
{
  "fields": {
    "enable": true,
    "name": "Mejor Torrent",
    "frontpage_order": 1,
    "shown_in_frontpage": true,
    "link": "http://www.mejortorrent.com",
    "order": 1,
    "subtopic": 10
  },
  "model": "topic.subtopicitem",
  "pk": 39
},
{
  "fields": {
    "enable": true,
    "name": "FilmAffinity",
    "frontpage_order": 1,
    "shown_in_frontpage": false,
    "link": "http://www.filmaffinity.com",
    "order": 2,
    "subtopic": 10
  },
  "model": "topic.subtopicitem",
  "pk": 40
},
{
  "fields": {
    "enable": true,
    "name": "Elitetorrent",
    "frontpage_order": 1,
    "shown_in_frontpage": false,
    "link": "http://www.elitetorrent.net",
    "order": 3,
    "subtopic": 10
  },
  "model": "topic.subtopicitem",
  "pk": 41
},
{
  "fields": {
    "enable": true,
    "name": "Pelis24",
    "frontpage_order": 1,
    "shown_in_frontpage": false,
    "link": "http://pelis24.com",
    "order": 5,
    "subtopic": 10
  },
  "model": "topic.subtopicitem",
  "pk": 42
},
{
  "fields": {
    "enable": true,
    "name": "Cadenaser",
    "frontpage_order": 1,
    "shown_in_frontpage": true,
    "link": "http://Cadenaser.com",
    "order": 1,
    "subtopic": 22
  },
  "model": "topic.subtopicitem",
  "pk": 43
},
{
  "fields": {
    "enable": true,
    "name": "Xvideos",
    "frontpage_order": 1,
    "shown_in_frontpage": false,
    "link": "http://www.xvideos.com",
    "order": 1,
    "subtopic": 23
  },
  "model": "topic.subtopicitem",
  "pk": 44
},
{
  "fields": {
    "enable": true,
    "name": "Pornhub",
    "frontpage_order": 1,
    "shown_in_frontpage": false,
    "link": "http://pornhub.com",
    "order": 2,
    "subtopic": 23
  },
  "model": "topic.subtopicitem",
  "pk": 45
},
{
  "fields": {
    "enable": true,
    "name": "Xhamster.com",
    "frontpage_order": 1,
    "shown_in_frontpage": false,
    "link": "http://xhamster.com",
    "order": 3,
    "subtopic": 23
  },
  "model": "topic.subtopicitem",
  "pk": 46
},
{
  "fields": {
    "enable": true,
    "name": "Redtube",
    "frontpage_order": 1,
    "shown_in_frontpage": false,
    "link": "http://redtube.com",
    "order": 4,
    "subtopic": 23
  },
  "model": "topic.subtopicitem",
  "pk": 47
},
{
  "fields": {
    "enable": true,
    "name": "Tubecup",
    "frontpage_order": 1,
    "shown_in_frontpage": false,
    "link": "http://tubecup.com",
    "order": 5,
    "subtopic": 23
  },
  "model": "topic.subtopicitem",
  "pk": 48
},
{
  "fields": {
    "enable": true,
    "name": "Tube8",
    "frontpage_order": 1,
    "shown_in_frontpage": false,
    "link": "http://tube8.com",
    "order": 6,
    "subtopic": 23
  },
  "model": "topic.subtopicitem",
  "pk": 49
},
{
  "fields": {
    "enable": true,
    "name": "Porn",
    "frontpage_order": 1,
    "shown_in_frontpage": false,
    "link": "http://porn.com",
    "order": 7,
    "subtopic": 23
  },
  "model": "topic.subtopicitem",
  "pk": 50
},
{
  "fields": {
    "enable": true,
    "name": "Bongacams",
    "frontpage_order": 1,
    "shown_in_frontpage": false,
    "link": "http://bongacams.com",
    "order": 8,
    "subtopic": 23
  },
  "model": "topic.subtopicitem",
  "pk": 51
},
{
  "fields": {
    "enable": true,
    "name": "Youporn",
    "frontpage_order": 1,
    "shown_in_frontpage": false,
    "link": "http://youporn.com",
    "order": 9,
    "subtopic": 23
  },
  "model": "topic.subtopicitem",
  "pk": 52
},
{
  "fields": {
    "enable": true,
    "name": "Pasion",
    "frontpage_order": 1,
    "shown_in_frontpage": false,
    "link": "http://pasion.com",
    "order": 10,
    "subtopic": 23
  },
  "model": "topic.subtopicitem",
  "pk": 53
},
{
  "fields": {
    "enable": true,
    "name": "Fuegodevida",
    "frontpage_order": 1,
    "shown_in_frontpage": false,
    "link": "http://fuegodevida.com",
    "order": 11,
    "subtopic": 23
  },
  "model": "topic.subtopicitem",
  "pk": 54
},
{
  "fields": {
    "enable": true,
    "name": "Mundo Sex Anuncio",
    "frontpage_order": 1,
    "shown_in_frontpage": false,
    "link": "http://mundosexanuncio.com",
    "order": 12,
    "subtopic": 23
  },
  "model": "topic.subtopicitem",
  "pk": 55
},
{
  "fields": {
    "enable": true,
    "name": "Amateur.tv",
    "frontpage_order": 1,
    "shown_in_frontpage": false,
    "link": "http://www.amateur.tv",
    "order": 13,
    "subtopic": 23
  },
  "model": "topic.subtopicitem",
  "pk": 56
},
{
  "fields": {
    "enable": true,
    "name": "IMDB",
    "frontpage_order": 1,
    "shown_in_frontpage": true,
    "link": "http://www.imdb.com",
    "order": 4,
    "subtopic": 10
  },
  "model": "topic.subtopicitem",
  "pk": 57
},
{
  "fields": {
    "enable": true,
    "name": "Subtitulos",
    "frontpage_order": 1,
    "shown_in_frontpage": false,
    "link": "http://subtitulos.es",
    "order": 6,
    "subtopic": 10
  },
  "model": "topic.subtopicitem",
  "pk": 58
},
{
  "fields": {
    "enable": true,
    "name": "Spotify",
    "frontpage_order": 1,
    "shown_in_frontpage": true,
    "link": "http://www.sportify.com",
    "order": 1,
    "subtopic": 8
  },
  "model": "topic.subtopicitem",
  "pk": 59
},
{
  "fields": {
    "enable": true,
    "name": "MiTele",
    "frontpage_order": 1,
    "shown_in_frontpage": false,
    "link": "http://www.mitele.es",
    "order": 5,
    "subtopic": 9
  },
  "model": "topic.subtopicitem",
  "pk": 60
},
{
  "fields": {
    "enable": true,
    "name": "Seriesflv",
    "frontpage_order": 1,
    "shown_in_frontpage": false,
    "link": "http://www.seriesflv.net",
    "order": 7,
    "subtopic": 10
  },
  "model": "topic.subtopicitem",
  "pk": 61
},
{
  "fields": {
    "enable": true,
    "name": "Repelis",
    "frontpage_order": 1,
    "shown_in_frontpage": false,
    "link": "http://repelis.tv",
    "order": 8,
    "subtopic": 10
  },
  "model": "topic.subtopicitem",
  "pk": 62
},
{
  "fields": {
    "enable": true,
    "name": "Tus Pelis",
    "frontpage_order": 1,
    "shown_in_frontpage": true,
    "link": "http://www.tuspelis.co",
    "order": 9,
    "subtopic": 10
  },
  "model": "topic.subtopicitem",
  "pk": 63
},
{
  "fields": {
    "enable": true,
    "name": "RyanAir",
    "frontpage_order": 1,
    "shown_in_frontpage": false,
    "link": "http://ryanair.com",
    "order": 1,
    "subtopic": 38
  },
  "model": "topic.subtopicitem",
  "pk": 64
},
{
  "fields": {
    "enable": true,
    "name": "Skyscanner",
    "frontpage_order": 1,
    "shown_in_frontpage": true,
    "link": "http://skyscanner.es",
    "order": 2,
    "subtopic": 38
  },
  "model": "topic.subtopicitem",
  "pk": 65
},
{
  "fields": {
    "enable": true,
    "name": "Iberia",
    "frontpage_order": 1,
    "shown_in_frontpage": false,
    "link": "http://iberia.com",
    "order": 3,
    "subtopic": 38
  },
  "model": "topic.subtopicitem",
  "pk": 66
},
{
  "fields": {
    "enable": true,
    "name": "Rumbo",
    "frontpage_order": 1,
    "shown_in_frontpage": true,
    "link": "http://rumbo.es",
    "order": 4,
    "subtopic": 38
  },
  "model": "topic.subtopicitem",
  "pk": 67
},
{
  "fields": {
    "enable": true,
    "name": "Vueling",
    "frontpage_order": 1,
    "shown_in_frontpage": true,
    "link": "http://vueling.com",
    "order": 5,
    "subtopic": 38
  },
  "model": "topic.subtopicitem",
  "pk": 68
},
{
  "fields": {
    "enable": true,
    "name": "Edreams",
    "frontpage_order": 1,
    "shown_in_frontpage": false,
    "link": "http://edreams.es",
    "order": 6,
    "subtopic": 38
  },
  "model": "topic.subtopicitem",
  "pk": 69
},
{
  "fields": {
    "enable": true,
    "name": "Renfe",
    "frontpage_order": 1,
    "shown_in_frontpage": true,
    "link": "http://renfe.es",
    "order": 7,
    "subtopic": 38
  },
  "model": "topic.subtopicitem",
  "pk": 70
},
{
  "fields": {
    "enable": true,
    "name": "Booking",
    "frontpage_order": 1,
    "shown_in_frontpage": true,
    "link": "http://booking.com",
    "order": 1,
    "subtopic": 39
  },
  "model": "topic.subtopicitem",
  "pk": 71
},
{
  "fields": {
    "enable": true,
    "name": "Airbnb",
    "frontpage_order": 1,
    "shown_in_frontpage": false,
    "link": "http://airbnb.es",
    "order": 2,
    "subtopic": 39
  },
  "model": "topic.subtopicitem",
  "pk": 72
},
{
  "fields": {
    "enable": true,
    "name": "Rumbo",
    "frontpage_order": 1,
    "shown_in_frontpage": false,
    "link": "http://rumbo.es",
    "order": 3,
    "subtopic": 39
  },
  "model": "topic.subtopicitem",
  "pk": 73
},
{
  "fields": {
    "enable": true,
    "name": "Tripadvisor",
    "frontpage_order": 1,
    "shown_in_frontpage": true,
    "link": "http://tripadvisor.es",
    "order": 1,
    "subtopic": 40
  },
  "model": "topic.subtopicitem",
  "pk": 74
},
{
  "fields": {
    "enable": true,
    "name": "Minube",
    "frontpage_order": 1,
    "shown_in_frontpage": true,
    "link": "http://minube.com",
    "order": 2,
    "subtopic": 40
  },
  "model": "topic.subtopicitem",
  "pk": 75
},
{
  "fields": {
    "enable": true,
    "name": "Facebook",
    "frontpage_order": 1,
    "shown_in_frontpage": true,
    "link": "http://www.facebook.com",
    "order": 1,
    "subtopic": 41
  },
  "model": "topic.subtopicitem",
  "pk": 76
},
{
  "fields": {
    "enable": true,
    "name": "Instagram",
    "frontpage_order": 1,
    "shown_in_frontpage": true,
    "link": "http://www.instagram.com",
    "order": 2,
    "subtopic": 41
  },
  "model": "topic.subtopicitem",
  "pk": 77
},
{
  "fields": {
    "enable": true,
    "name": "Twitter",
    "frontpage_order": 1,
    "shown_in_frontpage": true,
    "link": "http://www.twitter.com",
    "order": 3,
    "subtopic": 41
  },
  "model": "topic.subtopicitem",
  "pk": 78
},
{
  "fields": {
    "enable": true,
    "name": "Flickr",
    "frontpage_order": 1,
    "shown_in_frontpage": true,
    "link": "http://www.flickr.com",
    "order": 9,
    "subtopic": 41
  },
  "model": "topic.subtopicitem",
  "pk": 79
},
{
  "fields": {
    "enable": true,
    "name": "Pinterest",
    "frontpage_order": 1,
    "shown_in_frontpage": true,
    "link": "http://www.pinterest.com",
    "order": 5,
    "subtopic": 41
  },
  "model": "topic.subtopicitem",
  "pk": 80
},
{
  "fields": {
    "enable": true,
    "name": "Skype",
    "frontpage_order": 1,
    "shown_in_frontpage": true,
    "link": "http://www.skype.com",
    "order": 6,
    "subtopic": 41
  },
  "model": "topic.subtopicitem",
  "pk": 81
},
{
  "fields": {
    "enable": true,
    "name": "Whatsapp",
    "frontpage_order": 1,
    "shown_in_frontpage": true,
    "link": "http://www.whatsapp.com",
    "order": 7,
    "subtopic": 41
  },
  "model": "topic.subtopicitem",
  "pk": 82
},
{
  "fields": {
    "enable": true,
    "name": "Blogspot",
    "frontpage_order": 1,
    "shown_in_frontpage": true,
    "link": "http://blogspot.com",
    "order": 1,
    "subtopic": 18
  },
  "model": "topic.subtopicitem",
  "pk": 83
},
{
  "fields": {
    "enable": true,
    "name": "Wordpress",
    "frontpage_order": 1,
    "shown_in_frontpage": true,
    "link": "http://wordpress.com",
    "order": 2,
    "subtopic": 18
  },
  "model": "topic.subtopicitem",
  "pk": 84
},
{
  "fields": {
    "enable": true,
    "name": "Blogger",
    "frontpage_order": 1,
    "shown_in_frontpage": false,
    "link": "http://blogger.com",
    "order": 3,
    "subtopic": 18
  },
  "model": "topic.subtopicitem",
  "pk": 85
},
{
  "fields": {
    "enable": true,
    "name": "Tumblr",
    "frontpage_order": 1,
    "shown_in_frontpage": true,
    "link": "http://tumblr.com",
    "order": 4,
    "subtopic": 18
  },
  "model": "topic.subtopicitem",
  "pk": 86
},
{
  "fields": {
    "enable": true,
    "name": "Badoo",
    "frontpage_order": 1,
    "shown_in_frontpage": true,
    "link": "https://www.badoo.com/",
    "order": 8,
    "subtopic": 41
  },
  "model": "topic.subtopicitem",
  "pk": 87
},
{
  "fields": {
    "enable": true,
    "name": "Linkedin",
    "frontpage_order": 1,
    "shown_in_frontpage": true,
    "link": "http://linkedin.com",
    "order": 4,
    "subtopic": 41
  },
  "model": "topic.subtopicitem",
  "pk": 88
},
{
  "fields": {
    "enable": true,
    "name": "ALSA",
    "frontpage_order": 1,
    "shown_in_frontpage": true,
    "link": "https://www.alsa.es",
    "order": 8,
    "subtopic": 38
  },
  "model": "topic.subtopicitem",
  "pk": 89
},
{
  "fields": {
    "enable": true,
    "name": "Bet365",
    "frontpage_order": 1,
    "shown_in_frontpage": true,
    "link": "http://bet365.es",
    "order": 1,
    "subtopic": 31
  },
  "model": "topic.subtopicitem",
  "pk": 90
},
{
  "fields": {
    "enable": true,
    "name": "Loterias y Apuestas",
    "frontpage_order": 1,
    "shown_in_frontpage": true,
    "link": "http://loteriasyapuestas.es",
    "order": 2,
    "subtopic": 31
  },
  "model": "topic.subtopicitem",
  "pk": 91
},
{
  "fields": {
    "enable": true,
    "name": "La Caixa",
    "frontpage_order": 1,
    "shown_in_frontpage": true,
    "link": "http://lacaixa.es",
    "order": 1,
    "subtopic": 29
  },
  "model": "topic.subtopicitem",
  "pk": 92
},
{
  "fields": {
    "enable": true,
    "name": "Santander",
    "frontpage_order": 1,
    "shown_in_frontpage": true,
    "link": "http://bancosantander.es",
    "order": 2,
    "subtopic": 29
  },
  "model": "topic.subtopicitem",
  "pk": 93
},
{
  "fields": {
    "enable": true,
    "name": "BBVA",
    "frontpage_order": 1,
    "shown_in_frontpage": true,
    "link": "http://bbva.es",
    "order": 3,
    "subtopic": 29
  },
  "model": "topic.subtopicitem",
  "pk": 94
},
{
  "fields": {
    "enable": true,
    "name": "Sabadell",
    "frontpage_order": 1,
    "shown_in_frontpage": true,
    "link": "http://bancsabadell.com",
    "order": 4,
    "subtopic": 29
  },
  "model": "topic.subtopicitem",
  "pk": 95
},
{
  "fields": {
    "enable": true,
    "name": "Bankia",
    "frontpage_order": 1,
    "shown_in_frontpage": true,
    "link": "http://bankia.es",
    "order": 5,
    "subtopic": 29
  },
  "model": "topic.subtopicitem",
  "pk": 96
},
{
  "fields": {
    "enable": true,
    "name": "Kutxabank",
    "frontpage_order": 1,
    "shown_in_frontpage": true,
    "link": "http://kutxabank.es",
    "order": 6,
    "subtopic": 29
  },
  "model": "topic.subtopicitem",
  "pk": 97
},
{
  "fields": {
    "enable": true,
    "name": "Banco Popular",
    "frontpage_order": 1,
    "shown_in_frontpage": true,
    "link": "http://banconpopular.es",
    "order": 7,
    "subtopic": 29
  },
  "model": "topic.subtopicitem",
  "pk": 98
},
{
  "fields": {
    "enable": true,
    "name": "Catalunya Caixa",
    "frontpage_order": 1,
    "shown_in_frontpage": true,
    "link": "http://calalunyacaixa.com",
    "order": 8,
    "subtopic": 29
  },
  "model": "topic.subtopicitem",
  "pk": 99
},
{
  "fields": {
    "enable": true,
    "name": "Paypal",
    "frontpage_order": 1,
    "shown_in_frontpage": true,
    "link": "http://paypal.com",
    "order": 1,
    "subtopic": 27
  },
  "model": "topic.subtopicitem",
  "pk": 100
},
{
  "fields": {
    "enable": true,
    "name": "Cuatro",
    "frontpage_order": 1,
    "shown_in_frontpage": true,
    "link": "http://cuantro.com",
    "order": 2,
    "subtopic": 27
  },
  "model": "topic.subtopicitem",
  "pk": 101
},
{
  "fields": {
    "enable": true,
    "name": "Cincodias",
    "frontpage_order": 1,
    "shown_in_frontpage": true,
    "link": "http://cincodias.com",
    "order": 3,
    "subtopic": 27
  },
  "model": "topic.subtopicitem",
  "pk": 102
},
{
  "fields": {
    "enable": true,
    "name": "Europapress",
    "frontpage_order": 1,
    "shown_in_frontpage": false,
    "link": "http://europapress.es",
    "order": 4,
    "subtopic": 27
  },
  "model": "topic.subtopicitem",
  "pk": 103
},
{
  "fields": {
    "enable": true,
    "name": "Elperiodico",
    "frontpage_order": 1,
    "shown_in_frontpage": false,
    "link": "http://elperiodico.com",
    "order": 5,
    "subtopic": 27
  },
  "model": "topic.subtopicitem",
  "pk": 104
},
{
  "fields": {
    "enable": true,
    "name": "Mango",
    "frontpage_order": 1,
    "shown_in_frontpage": true,
    "link": "http://mango.com",
    "order": 1,
    "subtopic": 43
  },
  "model": "topic.subtopicitem",
  "pk": 105
},
{
  "fields": {
    "enable": true,
    "name": "Vogue",
    "frontpage_order": 1,
    "shown_in_frontpage": true,
    "link": "http://vogue.es",
    "order": 2,
    "subtopic": 43
  },
  "model": "topic.subtopicitem",
  "pk": 106
},
{
  "fields": {
    "enable": true,
    "name": "Zara",
    "frontpage_order": 1,
    "shown_in_frontpage": true,
    "link": "http://zara.com",
    "order": 3,
    "subtopic": 43
  },
  "model": "topic.subtopicitem",
  "pk": 107
},
{
  "fields": {
    "enable": true,
    "name": "Titanbet",
    "frontpage_order": 1,
    "shown_in_frontpage": true,
    "link": "http://casino.titanbet.es",
    "order": 3,
    "subtopic": 31
  },
  "model": "topic.subtopicitem",
  "pk": 108
},
{
  "fields": {
    "enable": true,
    "name": "Yahoo",
    "frontpage_order": 1,
    "shown_in_frontpage": true,
    "link": "http://yahoo.com",
    "order": 1,
    "subtopic": 44
  },
  "model": "topic.subtopicitem",
  "pk": 109
},
{
  "fields": {
    "enable": true,
    "name": "Wikipedia",
    "frontpage_order": 1,
    "shown_in_frontpage": true,
    "link": "http://wikipedia.org",
    "order": 2,
    "subtopic": 44
  },
  "model": "topic.subtopicitem",
  "pk": 110
},
{
  "fields": {
    "enable": true,
    "name": "MSN",
    "frontpage_order": 1,
    "shown_in_frontpage": true,
    "link": "http://msn.com",
    "order": 3,
    "subtopic": 44
  },
  "model": "topic.subtopicitem",
  "pk": 111
},
{
  "fields": {
    "enable": true,
    "name": "Microsoft",
    "frontpage_order": 1,
    "shown_in_frontpage": true,
    "link": "http://microsoft.com",
    "order": 4,
    "subtopic": 44
  },
  "model": "topic.subtopicitem",
  "pk": 112
},
{
  "fields": {
    "enable": true,
    "name": "Apple",
    "frontpage_order": 1,
    "shown_in_frontpage": true,
    "link": "http://apple.com",
    "order": 5,
    "subtopic": 44
  },
  "model": "topic.subtopicitem",
  "pk": 113
},
{
  "fields": {
    "enable": true,
    "name": "Mozilla",
    "frontpage_order": 1,
    "shown_in_frontpage": false,
    "link": "http://mozilla.org",
    "order": 6,
    "subtopic": 44
  },
  "model": "topic.subtopicitem",
  "pk": 114
},
{
  "fields": {
    "enable": true,
    "name": "Facilisimo",
    "frontpage_order": 1,
    "shown_in_frontpage": false,
    "link": "http://facilisimo.com",
    "order": 7,
    "subtopic": 44
  },
  "model": "topic.subtopicitem",
  "pk": 115
},
{
  "fields": {
    "enable": true,
    "name": "Amazon",
    "frontpage_order": 1,
    "shown_in_frontpage": true,
    "link": "http://amazon.es",
    "order": 1,
    "subtopic": 33
  },
  "model": "topic.subtopicitem",
  "pk": 116
},
{
  "fields": {
    "enable": true,
    "name": "Ebay",
    "frontpage_order": 1,
    "shown_in_frontpage": true,
    "link": "http://ebay.es",
    "order": 2,
    "subtopic": 33
  },
  "model": "topic.subtopicitem",
  "pk": 117
},
{
  "fields": {
    "enable": true,
    "name": "El Corte Ingl\u00e9s",
    "frontpage_order": 1,
    "shown_in_frontpage": true,
    "link": "http://elcorteingles.es",
    "order": 3,
    "subtopic": 33
  },
  "model": "topic.subtopicitem",
  "pk": 118
},
{
  "fields": {
    "enable": true,
    "name": "Solostocks",
    "frontpage_order": 1,
    "shown_in_frontpage": false,
    "link": "http://solostocks.com",
    "order": 4,
    "subtopic": 33
  },
  "model": "topic.subtopicitem",
  "pk": 119
},
{
  "fields": {
    "enable": true,
    "name": "Todocoleccion",
    "frontpage_order": 1,
    "shown_in_frontpage": false,
    "link": "http://todocoleccion.net",
    "order": 5,
    "subtopic": 33
  },
  "model": "topic.subtopicitem",
  "pk": 120
},
{
  "fields": {
    "enable": true,
    "name": "Groupon",
    "frontpage_order": 1,
    "shown_in_frontpage": true,
    "link": "http://groupon.es",
    "order": 6,
    "subtopic": 33
  },
  "model": "topic.subtopicitem",
  "pk": 121
},
{
  "fields": {
    "enable": true,
    "name": "Forocoche",
    "frontpage_order": 1,
    "shown_in_frontpage": true,
    "link": "http://forocoches.com",
    "order": 1,
    "subtopic": 34
  },
  "model": "topic.subtopicitem",
  "pk": 122
},
{
  "fields": {
    "enable": true,
    "name": "Coches",
    "frontpage_order": 1,
    "shown_in_frontpage": true,
    "link": "http://coches.net",
    "order": 2,
    "subtopic": 34
  },
  "model": "topic.subtopicitem",
  "pk": 123
},
{
  "fields": {
    "enable": true,
    "name": "Zalando",
    "frontpage_order": 1,
    "shown_in_frontpage": true,
    "link": "http://zalando.es",
    "order": 1,
    "subtopic": 35
  },
  "model": "topic.subtopicitem",
  "pk": 124
},
{
  "fields": {
    "enable": true,
    "name": "Mango",
    "frontpage_order": 1,
    "shown_in_frontpage": true,
    "link": "http://mango.com",
    "order": 2,
    "subtopic": 35
  },
  "model": "topic.subtopicitem",
  "pk": 125
},
{
  "fields": {
    "enable": true,
    "name": "Zara",
    "frontpage_order": 1,
    "shown_in_frontpage": true,
    "link": "http://zara.com",
    "order": 3,
    "subtopic": 35
  },
  "model": "topic.subtopicitem",
  "pk": 126
},
{
  "fields": {
    "enable": true,
    "name": "Fnac",
    "frontpage_order": 1,
    "shown_in_frontpage": true,
    "link": "http://fnac.es",
    "order": 1,
    "subtopic": 46
  },
  "model": "topic.subtopicitem",
  "pk": 127
},
{
  "fields": {
    "enable": true,
    "name": "PCcomponentes",
    "frontpage_order": 1,
    "shown_in_frontpage": true,
    "link": "http://pccomponentes.com",
    "order": 2,
    "subtopic": 46
  },
  "model": "topic.subtopicitem",
  "pk": 128
},
{
  "fields": {
    "enable": true,
    "name": "Idealista",
    "frontpage_order": 1,
    "shown_in_frontpage": true,
    "link": "http://idealista.com",
    "order": 1,
    "subtopic": 36
  },
  "model": "topic.subtopicitem",
  "pk": 129
},
{
  "fields": {
    "enable": true,
    "name": "Fotocasa",
    "frontpage_order": 1,
    "shown_in_frontpage": true,
    "link": "http://fotocasa.es",
    "order": 2,
    "subtopic": 36
  },
  "model": "topic.subtopicitem",
  "pk": 130
},
{
  "fields": {
    "enable": true,
    "name": "MediaMarkt",
    "frontpage_order": 1,
    "shown_in_frontpage": true,
    "link": "http://mediamarkt.es",
    "order": 3,
    "subtopic": 46
  },
  "model": "topic.subtopicitem",
  "pk": 131
},
{
  "fields": {
    "enable": true,
    "name": "Pisos",
    "frontpage_order": 1,
    "shown_in_frontpage": true,
    "link": "http://pisos.com",
    "order": 3,
    "subtopic": 36
  },
  "model": "topic.subtopicitem",
  "pk": 132
},
{
  "fields": {
    "enable": true,
    "name": "Segunda Mano",
    "frontpage_order": 1,
    "shown_in_frontpage": false,
    "link": "http://segundamano.es",
    "order": 1,
    "subtopic": 37
  },
  "model": "topic.subtopicitem",
  "pk": 133
},
{
  "fields": {
    "enable": true,
    "name": "Lidl",
    "frontpage_order": 1,
    "shown_in_frontpage": true,
    "link": "http://lidl.es",
    "order": 1,
    "subtopic": 47
  },
  "model": "topic.subtopicitem",
  "pk": 134
},
{
  "fields": {
    "enable": true,
    "name": "Ikea",
    "frontpage_order": 1,
    "shown_in_frontpage": true,
    "link": "http://ikea.com",
    "order": 2,
    "subtopic": 47
  },
  "model": "topic.subtopicitem",
  "pk": 135
},
{
  "fields": {
    "enable": true,
    "name": "Carrefour",
    "frontpage_order": 1,
    "shown_in_frontpage": true,
    "link": "http://carrefour.es",
    "order": 3,
    "subtopic": 47
  },
  "model": "topic.subtopicitem",
  "pk": 136
},
{
  "fields": {
    "enable": true,
    "name": "Decathlon",
    "frontpage_order": 1,
    "shown_in_frontpage": true,
    "link": "http://decathlon.es",
    "order": 4,
    "subtopic": 35
  },
  "model": "topic.subtopicitem",
  "pk": 137
},
{
  "fields": {
    "enable": true,
    "name": "Casa del libro",
    "frontpage_order": 1,
    "shown_in_frontpage": true,
    "link": "http://casadellibro.com",
    "order": 1,
    "subtopic": 45
  },
  "model": "topic.subtopicitem",
  "pk": 138
},
{
  "fields": {
    "enable": true,
    "name": "Diccionario RAE",
    "frontpage_order": 1,
    "shown_in_frontpage": true,
    "link": "http://rae.es",
    "order": 1,
    "subtopic": 48
  },
  "model": "topic.subtopicitem",
  "pk": 139
},
{
  "fields": {
    "enable": true,
    "name": "Linguee",
    "frontpage_order": 1,
    "shown_in_frontpage": false,
    "link": "http://linguee.es",
    "order": 2,
    "subtopic": 48
  },
  "model": "topic.subtopicitem",
  "pk": 140
},
{
  "fields": {
    "enable": true,
    "name": "TheFreeDictionary",
    "frontpage_order": 1,
    "shown_in_frontpage": false,
    "link": "http://thefreedictionary.com",
    "order": 3,
    "subtopic": 48
  },
  "model": "topic.subtopicitem",
  "pk": 141
},
{
  "fields": {
    "enable": true,
    "name": "Agencia Tributaria",
    "frontpage_order": 1,
    "shown_in_frontpage": true,
    "link": "http://www.agenciatributaria.es",
    "order": 1,
    "subtopic": 49
  },
  "model": "topic.subtopicitem",
  "pk": 142
},
{
  "fields": {
    "enable": true,
    "name": "Sepe",
    "frontpage_order": 1,
    "shown_in_frontpage": true,
    "link": "http://www.sepe.gob.es",
    "order": 2,
    "subtopic": 49
  },
  "model": "topic.subtopicitem",
  "pk": 143
},
{
  "fields": {
    "enable": true,
    "name": "Andaluc\u00eda",
    "frontpage_order": 1,
    "shown_in_frontpage": true,
    "link": "http://adeandalucia.es",
    "order": 3,
    "subtopic": 49
  },
  "model": "topic.subtopicitem",
  "pk": 144
},
{
  "fields": {
    "enable": true,
    "name": "Catalunya",
    "frontpage_order": 1,
    "shown_in_frontpage": true,
    "link": "http://gencat.cat",
    "order": 4,
    "subtopic": 49
  },
  "model": "topic.subtopicitem",
  "pk": 145
},
{
  "fields": {
    "enable": true,
    "name": "Madrid",
    "frontpage_order": 1,
    "shown_in_frontpage": true,
    "link": "http://madrid.org",
    "order": 5,
    "subtopic": 49
  },
  "model": "topic.subtopicitem",
  "pk": 146
},
{
  "fields": {
    "enable": true,
    "name": "Xtec",
    "frontpage_order": 1,
    "shown_in_frontpage": false,
    "link": "http://xtec.cat",
    "order": 6,
    "subtopic": 49
  },
  "model": "topic.subtopicitem",
  "pk": 147
},
{
  "fields": {
    "enable": true,
    "name": "Europa",
    "frontpage_order": 1,
    "shown_in_frontpage": false,
    "link": "http://europa.eu",
    "order": 7,
    "subtopic": 49
  },
  "model": "topic.subtopicitem",
  "pk": 148
},
{
  "fields": {
    "enable": true,
    "name": "Linkedin",
    "frontpage_order": 1,
    "shown_in_frontpage": true,
    "link": "http://linkedin.com",
    "order": 1,
    "subtopic": 50
  },
  "model": "topic.subtopicitem",
  "pk": 149
},
{
  "fields": {
    "enable": true,
    "name": "Infojobs",
    "frontpage_order": 1,
    "shown_in_frontpage": true,
    "link": "http://infojobs.net",
    "order": 2,
    "subtopic": 50
  },
  "model": "topic.subtopicitem",
  "pk": 150
},
{
  "fields": {
    "enable": true,
    "name": "Infoempleo",
    "frontpage_order": 1,
    "shown_in_frontpage": true,
    "link": "http://infoempleo.com",
    "order": 3,
    "subtopic": 50
  },
  "model": "topic.subtopicitem",
  "pk": 151
},
{
  "fields": {
    "enable": true,
    "name": "Live",
    "frontpage_order": 1,
    "shown_in_frontpage": true,
    "link": "http://live.com",
    "order": 1,
    "subtopic": 51
  },
  "model": "topic.subtopicitem",
  "pk": 152
},
{
  "fields": {
    "enable": true,
    "name": "Gmail",
    "frontpage_order": 1,
    "shown_in_frontpage": true,
    "link": "http://gmail.com",
    "order": 2,
    "subtopic": 51
  },
  "model": "topic.subtopicitem",
  "pk": 153
},
{
  "fields": {
    "enable": true,
    "name": "Movistar",
    "frontpage_order": 1,
    "shown_in_frontpage": true,
    "link": "http://movistar.es",
    "order": 1,
    "subtopic": 52
  },
  "model": "topic.subtopicitem",
  "pk": 154
},
{
  "fields": {
    "enable": true,
    "name": "Vodafone",
    "frontpage_order": 1,
    "shown_in_frontpage": true,
    "link": "http://vodafone.es",
    "order": 2,
    "subtopic": 52
  },
  "model": "topic.subtopicitem",
  "pk": 155
},
{
  "fields": {
    "enable": true,
    "name": "Orange",
    "frontpage_order": 1,
    "shown_in_frontpage": true,
    "link": "http://orange.es",
    "order": 3,
    "subtopic": 52
  },
  "model": "topic.subtopicitem",
  "pk": 156
},
{
  "fields": {
    "enable": true,
    "name": "Word Reference",
    "frontpage_order": 1,
    "shown_in_frontpage": true,
    "link": "http://wordreference.com",
    "order": 4,
    "subtopic": 48
  },
  "model": "topic.subtopicitem",
  "pk": 157
},
{
  "fields": {
    "enable": true,
    "name": "El Correo",
    "frontpage_order": 1,
    "shown_in_frontpage": false,
    "link": "http://www.elcorreo.com",
    "order": 17,
    "subtopic": 1
  },
  "model": "topic.subtopicitem",
  "pk": 158
},
{
  "fields": {
    "enable": true,
    "name": "El tiempo",
    "frontpage_order": 1,
    "shown_in_frontpage": true,
    "link": "http://eltiempo.es",
    "order": 1,
    "subtopic": 53
  },
  "model": "topic.subtopicitem",
  "pk": 159
},
{
  "fields": {
    "enable": true,
    "name": "Seur",
    "frontpage_order": 1,
    "shown_in_frontpage": true,
    "link": "http://seur.com",
    "order": 1,
    "subtopic": 54
  },
  "model": "topic.subtopicitem",
  "pk": 160
},
{
  "fields": {
    "enable": true,
    "name": "Correos",
    "frontpage_order": 1,
    "shown_in_frontpage": true,
    "link": "http://correos.es",
    "order": 2,
    "subtopic": 54
  },
  "model": "topic.subtopicitem",
  "pk": 161
},
{
  "fields": {
    "enable": true,
    "name": "Dropbox",
    "frontpage_order": 1,
    "shown_in_frontpage": true,
    "link": "http://dropbox.com",
    "order": 1,
    "subtopic": 55
  },
  "model": "topic.subtopicitem",
  "pk": 162
},
{
  "fields": {
    "enable": true,
    "name": "Google",
    "frontpage_order": 1,
    "shown_in_frontpage": true,
    "link": "http://google.es",
    "order": 2,
    "subtopic": 55
  },
  "model": "topic.subtopicitem",
  "pk": 163
},
{
  "fields": {
    "enable": true,
    "name": "Bing",
    "frontpage_order": 1,
    "shown_in_frontpage": false,
    "link": "http://bing.com",
    "order": 3,
    "subtopic": 55
  },
  "model": "topic.subtopicitem",
  "pk": 164
},
{
  "fields": {
    "enable": true,
    "name": "Scribed",
    "frontpage_order": 1,
    "shown_in_frontpage": false,
    "link": "http://scribed.com",
    "order": 4,
    "subtopic": 55
  },
  "model": "topic.subtopicitem",
  "pk": 165
},
{
  "fields": {
    "enable": true,
    "name": "Wow",
    "frontpage_order": 1,
    "shown_in_frontpage": false,
    "link": "http://wow.com",
    "order": 5,
    "subtopic": 55
  },
  "model": "topic.subtopicitem",
  "pk": 166
},
{
  "fields": {
    "enable": true,
    "name": "Formula 1",
    "frontpage_order": 1,
    "shown_in_frontpage": true,
    "link": "https://www.formula1.com/",
    "order": 1,
    "subtopic": 13
  },
  "model": "topic.subtopicitem",
  "pk": 167
},
{
  "fields": {
    "codename": "add_logentry",
    "name": "Can add log entry",
    "content_type": 1
  },
  "model": "auth.permission",
  "pk": 1
},
{
  "fields": {
    "codename": "change_logentry",
    "name": "Can change log entry",
    "content_type": 1
  },
  "model": "auth.permission",
  "pk": 2
},
{
  "fields": {
    "codename": "delete_logentry",
    "name": "Can delete log entry",
    "content_type": 1
  },
  "model": "auth.permission",
  "pk": 3
},
{
  "fields": {
    "codename": "add_permission",
    "name": "Can add permission",
    "content_type": 2
  },
  "model": "auth.permission",
  "pk": 4
},
{
  "fields": {
    "codename": "change_permission",
    "name": "Can change permission",
    "content_type": 2
  },
  "model": "auth.permission",
  "pk": 5
},
{
  "fields": {
    "codename": "delete_permission",
    "name": "Can delete permission",
    "content_type": 2
  },
  "model": "auth.permission",
  "pk": 6
},
{
  "fields": {
    "codename": "add_group",
    "name": "Can add group",
    "content_type": 3
  },
  "model": "auth.permission",
  "pk": 7
},
{
  "fields": {
    "codename": "change_group",
    "name": "Can change group",
    "content_type": 3
  },
  "model": "auth.permission",
  "pk": 8
},
{
  "fields": {
    "codename": "delete_group",
    "name": "Can delete group",
    "content_type": 3
  },
  "model": "auth.permission",
  "pk": 9
},
{
  "fields": {
    "codename": "add_user",
    "name": "Can add user",
    "content_type": 4
  },
  "model": "auth.permission",
  "pk": 10
},
{
  "fields": {
    "codename": "change_user",
    "name": "Can change user",
    "content_type": 4
  },
  "model": "auth.permission",
  "pk": 11
},
{
  "fields": {
    "codename": "delete_user",
    "name": "Can delete user",
    "content_type": 4
  },
  "model": "auth.permission",
  "pk": 12
},
{
  "fields": {
    "codename": "add_contenttype",
    "name": "Can add content type",
    "content_type": 5
  },
  "model": "auth.permission",
  "pk": 13
},
{
  "fields": {
    "codename": "change_contenttype",
    "name": "Can change content type",
    "content_type": 5
  },
  "model": "auth.permission",
  "pk": 14
},
{
  "fields": {
    "codename": "delete_contenttype",
    "name": "Can delete content type",
    "content_type": 5
  },
  "model": "auth.permission",
  "pk": 15
},
{
  "fields": {
    "codename": "add_session",
    "name": "Can add session",
    "content_type": 6
  },
  "model": "auth.permission",
  "pk": 16
},
{
  "fields": {
    "codename": "change_session",
    "name": "Can change session",
    "content_type": 6
  },
  "model": "auth.permission",
  "pk": 17
},
{
  "fields": {
    "codename": "delete_session",
    "name": "Can delete session",
    "content_type": 6
  },
  "model": "auth.permission",
  "pk": 18
},
{
  "fields": {
    "codename": "add_hotsite",
    "name": "Can add hot site",
    "content_type": 7
  },
  "model": "auth.permission",
  "pk": 19
},
{
  "fields": {
    "codename": "change_hotsite",
    "name": "Can change hot site",
    "content_type": 7
  },
  "model": "auth.permission",
  "pk": 20
},
{
  "fields": {
    "codename": "delete_hotsite",
    "name": "Can delete hot site",
    "content_type": 7
  },
  "model": "auth.permission",
  "pk": 21
},
{
  "fields": {
    "codename": "add_topic",
    "name": "Can add topic",
    "content_type": 8
  },
  "model": "auth.permission",
  "pk": 22
},
{
  "fields": {
    "codename": "change_topic",
    "name": "Can change topic",
    "content_type": 8
  },
  "model": "auth.permission",
  "pk": 23
},
{
  "fields": {
    "codename": "delete_topic",
    "name": "Can delete topic",
    "content_type": 8
  },
  "model": "auth.permission",
  "pk": 24
},
{
  "fields": {
    "codename": "add_subtopic",
    "name": "Can add sub topic",
    "content_type": 10
  },
  "model": "auth.permission",
  "pk": 28
},
{
  "fields": {
    "codename": "change_subtopic",
    "name": "Can change sub topic",
    "content_type": 10
  },
  "model": "auth.permission",
  "pk": 29
},
{
  "fields": {
    "codename": "delete_subtopic",
    "name": "Can delete sub topic",
    "content_type": 10
  },
  "model": "auth.permission",
  "pk": 30
},
{
  "fields": {
    "codename": "add_subtopicitem",
    "name": "Can add sub topic item",
    "content_type": 11
  },
  "model": "auth.permission",
  "pk": 31
},
{
  "fields": {
    "codename": "change_subtopicitem",
    "name": "Can change sub topic item",
    "content_type": 11
  },
  "model": "auth.permission",
  "pk": 32
},
{
  "fields": {
    "codename": "delete_subtopicitem",
    "name": "Can delete sub topic item",
    "content_type": 11
  },
  "model": "auth.permission",
  "pk": 33
},
{
  "fields": {
    "codename": "add_news",
    "name": "Can add news",
    "content_type": 12
  },
  "model": "auth.permission",
  "pk": 34
},
{
  "fields": {
    "codename": "change_news",
    "name": "Can change news",
    "content_type": 12
  },
  "model": "auth.permission",
  "pk": 35
},
{
  "fields": {
    "codename": "delete_news",
    "name": "Can delete news",
    "content_type": 12
  },
  "model": "auth.permission",
  "pk": 36
},
{
  "fields": {
    "username": "wenbin",
    "first_name": "",
    "last_name": "",
    "is_active": true,
    "is_superuser": true,
    "is_staff": true,
    "last_login": "2015-07-03T14:16:40.916Z",
    "groups": [],
    "user_permissions": [],
    "password": "pbkdf2_sha256$20000$qnzJu5XgHcQ3$CPuwApV5M4go3Dk2IdAzbj+0Z0T/W5JrZlOfazd83rg=",
    "email": "wenbin87@gmail.com",
    "date_joined": "2015-06-18T15:57:33.495Z"
  },
  "model": "auth.user",
  "pk": 1
}
]
